loss_avg;epoch;iteration;global_iteration
0.026113074272871017;1;41;100
0.038761042058467865;3;23;200
0.023046553134918213;5;5;300
0.04541386291384697;6;46;400
0.012127780355513096;8;28;500
