loss;epoch;iteration;global_iteration
0.052226148545742035;1;41;100
0.07752208411693573;3;23;200
0.046093106269836426;5;5;300
0.09082772582769394;6;46;400
0.02425556071102619;8;28;500
